{
  "02 POST /Account/Login (Admin)" : {
    "transaction" : "02 POST /Account/Login (Admin)",
    "sampleCount" : 1533,
    "errorCount" : 0,
    "errorPct" : 0.0,
    "meanResTime" : 2107.663405088059,
    "medianResTime" : 2122.0,
    "minResTime" : 132.0,
    "maxResTime" : 5036.0,
    "pct1ResTime" : 3719.8,
    "pct2ResTime" : 3943.0,
    "pct3ResTime" : 4574.64,
    "throughput" : 25.31791907514451,
    "receivedKBytesPerSec" : 710.8549720014452,
    "sentKBytesPerSec" : 40.89437319364162
  },
  "03 GET / (Admin Dashboard)" : {
    "transaction" : "03 GET / (Admin Dashboard)",
    "sampleCount" : 1460,
    "errorCount" : 0,
    "errorPct" : 0.0,
    "meanResTime" : 1416.276712328766,
    "medianResTime" : 1294.0,
    "minResTime" : 6.0,
    "maxResTime" : 4256.0,
    "pct1ResTime" : 2532.8,
    "pct2ResTime" : 2685.9,
    "pct3ResTime" : 3355.78,
    "throughput" : 24.420432877262233,
    "receivedKBytesPerSec" : 665.9099094060482,
    "sentKBytesPerSec" : 48.244663779981934
  },
  "05 GET /ThanhToan (Duyet thanh toan)" : {
    "transaction" : "05 GET /ThanhToan (Duyet thanh toan)",
    "sampleCount" : 1333,
    "errorCount" : 0,
    "errorPct" : 0.0,
    "meanResTime" : 557.4681170292564,
    "medianResTime" : 364.0,
    "minResTime" : 2.0,
    "maxResTime" : 2489.0,
    "pct1ResTime" : 2052.0,
    "pct2ResTime" : 2143.8999999999996,
    "pct3ResTime" : 2226.260000000001,
    "throughput" : 24.292899839626767,
    "receivedKBytesPerSec" : 818.936428187418,
    "sentKBytesPerSec" : 24.150558629628954
  },
  "01 GET /Account/Login" : {
    "transaction" : "01 GET /Account/Login",
    "sampleCount" : 1533,
    "errorCount" : 0,
    "errorPct" : 0.0,
    "meanResTime" : 59.13633398564907,
    "medianResTime" : 2.0,
    "minResTime" : 0.0,
    "maxResTime" : 1668.0,
    "pct1ResTime" : 166.0,
    "pct2ResTime" : 358.0,
    "pct3ResTime" : 544.3000000000004,
    "throughput" : 26.511024643320365,
    "receivedKBytesPerSec" : 138.69097559987028,
    "sentKBytesPerSec" : 3.339767752918288
  },
  "Total" : {
    "transaction" : "Total",
    "sampleCount" : 13178,
    "errorCount" : 0,
    "errorPct" : 0.0,
    "meanResTime" : 907.8269843678835,
    "medianResTime" : 533.5,
    "minResTime" : 0.0,
    "maxResTime" : 5036.0,
    "pct1ResTime" : 2372.0,
    "pct2ResTime" : 2974.0,
    "pct3ResTime" : 3917.4199999999983,
    "throughput" : 215.6545076668794,
    "receivedKBytesPerSec" : 4663.5056514597345,
    "sentKBytesPerSec" : 221.93720837526797
  },
  "02 POST /Account/Login (Admin)-0" : {
    "transaction" : "02 POST /Account/Login (Admin)-0",
    "sampleCount" : 1533,
    "errorCount" : 0,
    "errorPct" : 0.0,
    "meanResTime" : 703.9073711676446,
    "medianResTime" : 475.0,
    "minResTime" : 123.0,
    "maxResTime" : 2405.0,
    "pct1ResTime" : 1735.6000000000001,
    "pct2ResTime" : 1904.0,
    "pct3ResTime" : 2097.260000000001,
    "throughput" : 25.912778904665316,
    "receivedKBytesPerSec" : 23.812426708291078,
    "sentKBytesPerSec" : 16.195486815415823
  },
  "02 POST /Account/Login (Admin)-1" : {
    "transaction" : "02 POST /Account/Login (Admin)-1",
    "sampleCount" : 1533,
    "errorCount" : 0,
    "errorPct" : 0.0,
    "meanResTime" : 1403.705805609913,
    "medianResTime" : 1391.0,
    "minResTime" : 6.0,
    "maxResTime" : 4571.0,
    "pct1ResTime" : 2659.6000000000004,
    "pct2ResTime" : 3056.6,
    "pct3ResTime" : 3603.840000000002,
    "throughput" : 25.39971833319526,
    "receivedKBytesPerSec" : 689.8107098107034,
    "sentKBytesPerSec" : 25.151674208847652
  },
  "03 GET / (Admin Dashboard)-0" : {
    "transaction" : "03 GET / (Admin Dashboard)-0",
    "sampleCount" : 1460,
    "errorCount" : 0,
    "errorPct" : 0.0,
    "meanResTime" : 114.75821917808226,
    "medianResTime" : 3.0,
    "minResTime" : 0.0,
    "maxResTime" : 1024.0,
    "pct1ResTime" : 427.40000000000055,
    "pct2ResTime" : 814.8500000000001,
    "pct3ResTime" : 930.0,
    "throughput" : 25.035152097122673,
    "receivedKBytesPerSec" : 2.7626681513426385,
    "sentKBytesPerSec" : 24.66842623632498
  },
  "03 GET / (Admin Dashboard)-1" : {
    "transaction" : "03 GET / (Admin Dashboard)-1",
    "sampleCount" : 1460,
    "errorCount" : 0,
    "errorPct" : 0.0,
    "meanResTime" : 1301.4609589041086,
    "medianResTime" : 1210.5,
    "minResTime" : 5.0,
    "maxResTime" : 4255.0,
    "pct1ResTime" : 2414.0,
    "pct2ResTime" : 2607.8,
    "pct3ResTime" : 3213.120000000001,
    "throughput" : 24.421249832731164,
    "receivedKBytesPerSec" : 663.2372635236853,
    "sentKBytesPerSec" : 24.1827610648334
  },
  "04 GET /KhoaHoc (Danh sach khoa hoc)" : {
    "transaction" : "04 GET /KhoaHoc (Danh sach khoa hoc)",
    "sampleCount" : 1333,
    "errorCount" : 0,
    "errorPct" : 0.0,
    "meanResTime" : 399.18979744936223,
    "medianResTime" : 207.0,
    "minResTime" : 2.0,
    "maxResTime" : 2174.0,
    "pct1ResTime" : 1141.2000000000003,
    "pct2ResTime" : 1596.3,
    "pct3ResTime" : 2084.620000000001,
    "throughput" : 25.294597620448204,
    "receivedKBytesPerSec" : 1258.2333193288773,
    "sentKBytesPerSec" : 25.096983576538456
  }
}