{
  "02 POST /Account/Login (Admin)" : {
    "transaction" : "02 POST /Account/Login (Admin)",
    "sampleCount" : 1654,
    "errorCount" : 0,
    "errorPct" : 0.0,
    "meanResTime" : 2478.0024183796877,
    "medianResTime" : 2586.0,
    "minResTime" : 127.0,
    "maxResTime" : 6439.0,
    "pct1ResTime" : 4122.0,
    "pct2ResTime" : 4551.5,
    "pct3ResTime" : 5046.450000000004,
    "throughput" : 27.568964080340027,
    "receivedKBytesPerSec" : 774.0578967518127,
    "sentKBytesPerSec" : 44.530338465705476
  },
  "03 GET / (Admin Dashboard)" : {
    "transaction" : "03 GET / (Admin Dashboard)",
    "sampleCount" : 1541,
    "errorCount" : 0,
    "errorPct" : 0.0,
    "meanResTime" : 2181.4302401038326,
    "medianResTime" : 2383.0,
    "minResTime" : 6.0,
    "maxResTime" : 6757.0,
    "pct1ResTime" : 3802.5999999999995,
    "pct2ResTime" : 3938.8999999999996,
    "pct3ResTime" : 4944.0,
    "throughput" : 25.96505417108966,
    "receivedKBytesPerSec" : 708.0294996282583,
    "sentKBytesPerSec" : 51.296195886830446
  },
  "05 GET /ThanhToan (Duyet thanh toan)" : {
    "transaction" : "05 GET /ThanhToan (Duyet thanh toan)",
    "sampleCount" : 1376,
    "errorCount" : 0,
    "errorPct" : 0.0,
    "meanResTime" : 748.2296511627898,
    "medianResTime" : 567.0,
    "minResTime" : 2.0,
    "maxResTime" : 2577.0,
    "pct1ResTime" : 1680.3,
    "pct2ResTime" : 1765.4499999999996,
    "pct3ResTime" : 2035.3000000000002,
    "throughput" : 23.78277477228339,
    "receivedKBytesPerSec" : 801.7396339250221,
    "sentKBytesPerSec" : 23.64342257635204
  },
  "01 GET /Account/Login" : {
    "transaction" : "01 GET /Account/Login",
    "sampleCount" : 1658,
    "errorCount" : 0,
    "errorPct" : 0.0,
    "meanResTime" : 117.30398069963817,
    "medianResTime" : 11.0,
    "minResTime" : 0.0,
    "maxResTime" : 908.0,
    "pct1ResTime" : 344.10000000000014,
    "pct2ResTime" : 474.0999999999999,
    "pct3ResTime" : 748.6400000000003,
    "throughput" : 28.086937371889345,
    "receivedKBytesPerSec" : 146.9352768566516,
    "sentKBytesPerSec" : 3.538295821263404
  },
  "Total" : {
    "transaction" : "Total",
    "sampleCount" : 14020,
    "errorCount" : 0,
    "errorPct" : 0.0,
    "meanResTime" : 1232.8586305278175,
    "medianResTime" : 808.0,
    "minResTime" : 0.0,
    "maxResTime" : 6757.0,
    "pct1ResTime" : 3153.8999999999996,
    "pct2ResTime" : 3645.899999999998,
    "pct3ResTime" : 4590.949999999995,
    "throughput" : 231.6359911443016,
    "receivedKBytesPerSec" : 4984.156424640856,
    "sentKBytesPerSec" : 237.89466510260053
  },
  "02 POST /Account/Login (Admin)-0" : {
    "transaction" : "02 POST /Account/Login (Admin)-0",
    "sampleCount" : 1654,
    "errorCount" : 0,
    "errorPct" : 0.0,
    "meanResTime" : 637.5169286577991,
    "medianResTime" : 585.0,
    "minResTime" : 120.0,
    "maxResTime" : 2275.0,
    "pct1ResTime" : 1207.5,
    "pct2ResTime" : 1505.25,
    "pct3ResTime" : 1854.3500000000001,
    "throughput" : 28.14121650361548,
    "receivedKBytesPerSec" : 25.860238994045087,
    "sentKBytesPerSec" : 17.588260314759676
  },
  "02 POST /Account/Login (Admin)-1" : {
    "transaction" : "02 POST /Account/Login (Admin)-1",
    "sampleCount" : 1654,
    "errorCount" : 0,
    "errorPct" : 0.0,
    "meanResTime" : 1840.3984280532056,
    "medianResTime" : 1883.5,
    "minResTime" : 6.0,
    "maxResTime" : 5584.0,
    "pct1ResTime" : 3312.0,
    "pct2ResTime" : 3645.0,
    "pct3ResTime" : 4302.700000000001,
    "throughput" : 27.625601282736504,
    "receivedKBytesPerSec" : 750.2616910868186,
    "sentKBytesPerSec" : 27.35582002020978
  },
  "03 GET / (Admin Dashboard)-0" : {
    "transaction" : "03 GET / (Admin Dashboard)-0",
    "sampleCount" : 1541,
    "errorCount" : 0,
    "errorPct" : 0.0,
    "meanResTime" : 155.3277092796887,
    "medianResTime" : 25.0,
    "minResTime" : 0.0,
    "maxResTime" : 777.0,
    "pct1ResTime" : 501.9999999999998,
    "pct2ResTime" : 635.8999999999999,
    "pct3ResTime" : 748.1599999999999,
    "throughput" : 26.63693562884602,
    "receivedKBytesPerSec" : 2.939427466855079,
    "sentKBytesPerSec" : 26.246746142095347
  },
  "03 GET / (Admin Dashboard)-1" : {
    "transaction" : "03 GET / (Admin Dashboard)-1",
    "sampleCount" : 1541,
    "errorCount" : 0,
    "errorPct" : 0.0,
    "meanResTime" : 2026.0486696950047,
    "medianResTime" : 2238.0,
    "minResTime" : 5.0,
    "maxResTime" : 6028.0,
    "pct1ResTime" : 3340.0,
    "pct2ResTime" : 3751.7999999999997,
    "pct3ResTime" : 4827.079999999998,
    "throughput" : 25.965491676214867,
    "receivedKBytesPerSec" : 705.1760971831401,
    "sentKBytesPerSec" : 25.71192242156433
  },
  "04 GET /KhoaHoc (Danh sach khoa hoc)" : {
    "transaction" : "04 GET /KhoaHoc (Danh sach khoa hoc)",
    "sampleCount" : 1401,
    "errorCount" : 0,
    "errorPct" : 0.0,
    "meanResTime" : 814.0264097073511,
    "medianResTime" : 642.0,
    "minResTime" : 2.0,
    "maxResTime" : 3137.0,
    "pct1ResTime" : 1765.8,
    "pct2ResTime" : 2108.8999999999996,
    "pct3ResTime" : 2414.8,
    "throughput" : 24.142684818197484,
    "receivedKBytesPerSec" : 1200.9335318208255,
    "sentKBytesPerSec" : 23.954070093055314
  }
}