{
  "02 POST /Account/Login (Admin)" : {
    "transaction" : "02 POST /Account/Login (Admin)",
    "sampleCount" : 1272,
    "errorCount" : 0,
    "errorPct" : 0.0,
    "meanResTime" : 1691.287735849057,
    "medianResTime" : 2190.5,
    "minResTime" : 127.0,
    "maxResTime" : 2833.0,
    "pct1ResTime" : 2515.0,
    "pct2ResTime" : 2576.35,
    "pct3ResTime" : 2748.0,
    "throughput" : 20.851091731689724,
    "receivedKBytesPerSec" : 585.4391976345813,
    "sentKBytesPerSec" : 33.67940012130352
  },
  "03 GET / (Admin Dashboard)" : {
    "transaction" : "03 GET / (Admin Dashboard)",
    "sampleCount" : 1174,
    "errorCount" : 0,
    "errorPct" : 0.0,
    "meanResTime" : 323.66269165247013,
    "medianResTime" : 247.0,
    "minResTime" : 6.0,
    "maxResTime" : 2289.0,
    "pct1ResTime" : 646.5,
    "pct2ResTime" : 849.25,
    "pct3ResTime" : 1473.25,
    "throughput" : 19.505873361357104,
    "receivedKBytesPerSec" : 531.8969744816156,
    "sentKBytesPerSec" : 38.53552911135295
  },
  "05 GET /ThanhToan (Duyet thanh toan)" : {
    "transaction" : "05 GET /ThanhToan (Duyet thanh toan)",
    "sampleCount" : 1173,
    "errorCount" : 0,
    "errorPct" : 0.0,
    "meanResTime" : 36.78346121057124,
    "medianResTime" : 5.0,
    "minResTime" : 1.0,
    "maxResTime" : 1614.0,
    "pct1ResTime" : 34.0,
    "pct2ResTime" : 165.5999999999999,
    "pct3ResTime" : 618.0,
    "throughput" : 20.01672326410812,
    "receivedKBytesPerSec" : 674.7825069111449,
    "sentKBytesPerSec" : 19.89943777623249
  },
  "01 GET /Account/Login" : {
    "transaction" : "01 GET /Account/Login",
    "sampleCount" : 1272,
    "errorCount" : 0,
    "errorPct" : 0.0,
    "meanResTime" : 17.778301886792438,
    "medianResTime" : 1.0,
    "minResTime" : 0.0,
    "maxResTime" : 1048.0,
    "pct1ResTime" : 18.0,
    "pct2ResTime" : 63.34999999999991,
    "pct3ResTime" : 560.0,
    "throughput" : 21.69463774048301,
    "receivedKBytesPerSec" : 113.49431091383545,
    "sentKBytesPerSec" : 2.733015887228817
  },
  "Total" : {
    "transaction" : "Total",
    "sampleCount" : 10956,
    "errorCount" : 0,
    "errorPct" : 0.0,
    "meanResTime" : 474.13864549105523,
    "medianResTime" : 131.0,
    "minResTime" : 0.0,
    "maxResTime" : 2833.0,
    "pct1ResTime" : 1549.0,
    "pct2ResTime" : 2251.0,
    "pct3ResTime" : 2525.4300000000003,
    "throughput" : 178.04790847336432,
    "receivedKBytesPerSec" : 3900.297260076746,
    "sentKBytesPerSec" : 182.63134379976924
  },
  "02 POST /Account/Login (Admin)-0" : {
    "transaction" : "02 POST /Account/Login (Admin)-0",
    "sampleCount" : 1272,
    "errorCount" : 0,
    "errorPct" : 0.0,
    "meanResTime" : 867.8765723270453,
    "medianResTime" : 843.0,
    "minResTime" : 118.0,
    "maxResTime" : 1890.0,
    "pct1ResTime" : 1561.0,
    "pct2ResTime" : 1630.3999999999996,
    "pct3ResTime" : 1788.4299999999998,
    "throughput" : 21.08823236844723,
    "receivedKBytesPerSec" : 19.378932283895356,
    "sentKBytesPerSec" : 13.18014523027952
  },
  "02 POST /Account/Login (Admin)-1" : {
    "transaction" : "02 POST /Account/Login (Admin)-1",
    "sampleCount" : 1272,
    "errorCount" : 0,
    "errorPct" : 0.0,
    "meanResTime" : 823.3294025157239,
    "medianResTime" : 782.0,
    "minResTime" : 5.0,
    "maxResTime" : 2296.0,
    "pct1ResTime" : 1573.2000000000003,
    "pct2ResTime" : 1878.7499999999995,
    "pct3ResTime" : 2155.27,
    "throughput" : 20.892188423888047,
    "receivedKBytesPerSec" : 567.3942969417252,
    "sentKBytesPerSec" : 20.688163146311016
  },
  "03 GET / (Admin Dashboard)-0" : {
    "transaction" : "03 GET / (Admin Dashboard)-0",
    "sampleCount" : 1174,
    "errorCount" : 0,
    "errorPct" : 0.0,
    "meanResTime" : 26.133730834752996,
    "medianResTime" : 1.0,
    "minResTime" : 0.0,
    "maxResTime" : 1077.0,
    "pct1ResTime" : 56.5,
    "pct2ResTime" : 193.25,
    "pct3ResTime" : 265.5,
    "throughput" : 20.207931699256406,
    "receivedKBytesPerSec" : 2.229976837906224,
    "sentKBytesPerSec" : 19.91191707475558
  },
  "03 GET / (Admin Dashboard)-1" : {
    "transaction" : "03 GET / (Admin Dashboard)-1",
    "sampleCount" : 1174,
    "errorCount" : 0,
    "errorPct" : 0.0,
    "meanResTime" : 297.45996592844955,
    "medianResTime" : 239.5,
    "minResTime" : 5.0,
    "maxResTime" : 2180.0,
    "pct1ResTime" : 600.0,
    "pct2ResTime" : 795.25,
    "pct3ResTime" : 1140.25,
    "throughput" : 19.506197454557537,
    "receivedKBytesPerSec" : 529.7532726672316,
    "sentKBytesPerSec" : 19.315707245040375
  },
  "04 GET /KhoaHoc (Danh sach khoa hoc)" : {
    "transaction" : "04 GET /KhoaHoc (Danh sach khoa hoc)",
    "sampleCount" : 1173,
    "errorCount" : 0,
    "errorPct" : 0.0,
    "meanResTime" : 56.68456947996599,
    "medianResTime" : 12.0,
    "minResTime" : 2.0,
    "maxResTime" : 1595.0,
    "pct1ResTime" : 186.0,
    "pct2ResTime" : 254.49999999999977,
    "pct3ResTime" : 519.5999999999999,
    "throughput" : 20.578947368421055,
    "receivedKBytesPerSec" : 1023.661955180921,
    "sentKBytesPerSec" : 20.418174342105264
  }
}